Arabic,Transliteration,Translation,Last Reviewed,Interval,Ease Factor,Repetition
مِتْضَايِق,mitDaayiq,Annoyed,2025-09-27,1,2.5,0
مَزْعوج,maz3uuj,Annoyed,2025-09-27,1,2.5,0
خَالِة,khaaleh,Aunt (maternal)Aunt (paternal),2025-09-27,1,2.5,0
عَمِّة,3ammeh,Aunt (maternal)Aunt (paternal),2025-09-27,1,2.5,0
جَميل,jamiil,Beautiful,2025-09-27,1,2.5,0
حِلو,Hilou,Beautiful,2025-09-27,1,2.5,0
عَشان,3ashaan,Because,2025-09-27,1,2.5,0
لَإنّه,la’inno,Because,2025-09-27,1,2.5,0
حِسَاب,Hisaab,Bill (e.g. in a restaurant)Bill/ invoice,2025-09-27,1,2.5,0
فَاتُورَة,faatuura,Bill (e.g. in a restaurant)Bill/ invoice,2025-09-27,1,2.5,0
بِسّ,biss,Cat,2025-09-27,1,2.5,0
قِطّ,qiTT,Cat,2025-09-27,1,2.5,0
صوفَة,Soofah,Couch,2025-09-27,1,2.5,0
كَنَباي,kanabaay,Couch,2025-09-27,1,2.5,0
مُختَلِف,mukhtalif,DifferentDifferent from,2025-09-27,1,2.5,0
غَير,ghayr,DifferentDifferent from,2025-09-27,1,2.5,0
عِمِل,3imil,To doTo do/ make,2025-09-27,1,2.5,0
سَوَّى,sawwaa,To doTo do/ make,2025-09-27,1,2.5,0
دُكْتَور,doktoor,Doctor,2025-09-27,1,2.5,0
طَبِيْب,Tabiib,Doctor,2025-09-27,1,2.5,0
حَكِيْم,Hakiim,Doctor,2025-09-27,1,2.5,0
دَخَل,dakhal,To enter,2025-09-27,1,2.5,0
فات,faat,To enter,2025-09-27,1,2.5,0
حِجِّة,Hijjeh,Excuse,2025-09-27,1,2.5,0
عُذُر,3udhur,Excuse,2025-09-27,1,2.5,0
تَجْرُبَة,tajruba,Experience,2025-09-27,1,2.5,0
خِبْرَة,khibra,Experience,2025-09-27,1,2.5,0
أَهِل,ahil,Family,2025-09-27,1,2.5,0
عَيْلِة,3aileh,Family,2025-09-27,1,2.5,0
بْسُرْعَة,bsur3a,Fast (adv.)Fast (adj.),2025-09-27,1,2.5,0
سَريع,sarii3,Fast (adv.)Fast (adj.),2025-09-27,1,2.5,0
زَهْرَة,zahra,Flower,2025-09-27,1,2.5,0
وَرْد,ward,Flower,2025-09-27,1,2.5,0
لَ,la,For,2025-09-27,1,2.5,0
إلى,ilaa,For,2025-09-27,1,2.5,0
صاحِب,SaaHib,Friend,2025-09-27,1,2.5,0
رْفيق,rfiiq,Friend,2025-09-27,1,2.5,0
صَديق,Sadiiq,Friend,2025-09-27,1,2.5,0
حَارّ,Harr,Hot,2025-09-27,1,2.5,0
سَاخِن,Saakhin,Hot,2025-09-27,1,2.5,0
قَليل,qaliil,Little,2025-09-27,1,2.5,0
شْوَيّ,shwayy,Little,2025-09-27,1,2.5,0
رَجُل,rajul,Man,2025-09-27,1,2.5,0
زَلَمِة,zalameh,Man,2025-09-27,1,2.5,0
هَلَّأ,halla’,Now,2025-09-27,1,2.5,0
هَسّا,hassaa,Now,2025-09-27,1,2.5,0
بَعَت,ba3at,To send,2025-09-27,1,2.5,0
وَدَّى,waddaa,To send,2025-09-27,1,2.5,0
كُنْدَرَة,kundara,Shoes,2025-09-27,1,2.5,0
بوت,boot,Shoes,2025-09-27,1,2.5,0
أَحْياناً,aHyaanan,Sometimes,2025-09-27,1,2.5,0
مَرّات,marraat,Sometimes,2025-09-27,1,2.5,0
هاد,haad,This (m)This (f),2025-09-27,1,2.5,0
هاي,haay,This (m)This (f),2025-09-27,1,2.5,0
إلى,ilaa,To,2025-09-27,1,2.5,0
لَ,la___,To,2025-09-27,1,2.5,0
مَع بَعْض,ma3 ba3D,Together,2025-09-27,1,2.5,0
سَوَا,sawaa,Together,2025-09-27,1,2.5,0
رَحْلِةمِشْوار,raHlehmishwaar,Trip,2025-09-27,1,2.5,0
خالعَمّ,khaal3amm,Uncle (maternal)Uncle (paternal),2025-09-27,1,2.5,0
كْتير,kteer,A lot,2025-09-27,1,2.5,0
عَنّ,3ann,About,2025-09-27,1,2.5,0
فوق,fooq,Above,2025-09-27,1,2.5,0
غِيَاب,ghiyaab,Absence,2025-09-27,1,2.5,0
قِبِل,qibil,To accept,2025-09-27,1,2.5,0
مُمَثّل,mumaththil,Actor,2025-09-27,1,2.5,0
مُمَثّلة,mumaththila,Actress,2025-09-27,1,2.5,0
عِنْوان,3inwaan,Address,2025-09-27,1,2.5,0
دِعايِة,di3aayeh,Advertisement,2025-09-27,1,2.5,0
نَصيحة,naSiiHa,Advice,2025-09-27,1,2.5,0
نَصَح,naSaH,To advise,2025-09-27,1,2.5,0
بَعْد,ba3d,After,2025-09-27,1,2.5,0
ضِدّ,Didd,Against,2025-09-27,1,2.5,0
عُمُر,3umur,Age,2025-09-27,1,2.5,0
وافَق,waafaq,To agree,2025-09-27,1,2.5,0
اِتِّفاق,ittifaaq,Agreement,2025-09-27,1,2.5,0
هَوَا,hawa,Air,2025-09-27,1,2.5,0
مَطار,maTaar,Airport,2025-09-27,1,2.5,0
كُلّ,kull,All,2025-09-27,1,2.5,0
حَسَاسِيّة,Hasaasiyyeh,Allergy,2025-09-27,1,2.5,0
تَقْريباً,taqriiban,Almost,2025-09-27,1,2.5,0
كَمان,kamaan,Also,2025-09-27,1,2.5,0
دايْماً,daayman,Always,2025-09-27,1,2.5,0
رَهِيب,rahiib,Amazing,2025-09-27,1,2.5,0
مَبْلَغ,mablagh,Amount,2025-09-27,1,2.5,0
و,u,And,2025-09-27,1,2.5,0
غَضَب,ghaDab,Anger,2025-09-27,1,2.5,0
مْعَصِّب,m3aSSib,Angry,2025-09-27,1,2.5,0
حَيْوان,Haywaan,Animal,2025-09-27,1,2.5,0
أَعْلَن,a3lan,To announce,2025-09-27,1,2.5,0
أَزْعَج,az3aj,To annoy,2025-09-27,1,2.5,0
مِتْضَايِقمَزْعوج,mitDaayiqmaz3uuj,Annoyed,2025-09-27,1,2.5,0
مُزْعِج,muz3ij,Annoying,2025-09-27,1,2.5,0
جَواب,jawaab,Answer,2025-09-27,1,2.5,0
جاوَب,jaawab,To answer,2025-09-27,1,2.5,0
رَدّ,radd,To answer (the phone)/ reply,2025-09-27,1,2.5,0
أَيّ,ayy,Any,2025-09-27,1,2.5,0
أيّ حَدَا,AyyHada,Anyone,2025-09-27,1,2.5,0
أَيّ إشي,ayy ishiy,Anything,2025-09-27,1,2.5,0
اِعْتَذَر,i3tadhar,To apologize,2025-09-27,1,2.5,0
شَكِل,shakil,Appearance/ shape,2025-09-27,1,2.5,0
تُفَّاح,tuffaaH,Apple,2025-09-27,1,2.5,0
مَوْعِد,maw3id,Appointment,2025-09-27,1,2.5,0
عَرَبي,3arabi,Arab,2025-09-27,1,2.5,0
مَنْطِقَة,manTiqa,Area,2025-09-27,1,2.5,0
جِدَال,jidaal,Argument,2025-09-27,1,2.5,0
جيش,jaish,Army,2025-09-27,1,2.5,0
حَوالِي,Hawaaliy,Around,2025-09-27,1,2.5,0
وِصِل,wiSil,Arrive,2025-09-27,1,2.5,0
فَنّ,fann,Art,2025-09-27,1,2.5,0
فَنّان,fannaan,Artist,2025-09-27,1,2.5,0
__كَ,ka____,As,2025-09-27,1,2.5,0
سَأَل,sa’al,To ask,2025-09-27,1,2.5,0
طَلَب,Talab,To ask for,2025-09-27,1,2.5,0
خَالِةعَمِّة,khaaleh3ammeh,Aunt (maternal)Aunt (paternal),2025-09-27,1,2.5,0
خَرِيف,khariif,Autumn,2025-09-27,1,2.5,0
مَوْجُود,mawjood,Available,2025-09-27,1,2.5,0
تْجَنَّب,tjannab,To avoid,2025-09-27,1,2.5,0
رَائِع,raa’i3,Awesome,2025-09-27,1,2.5,0
بَيْبَي,baby,Baby,2025-09-27,1,2.5,0
ظَهِر,DHahir,Back,2025-09-27,1,2.5,0
سَيِّء,sayyi’,Bad,2025-09-27,1,2.5,0
مَخْبَز,makhbaz,Bakery,2025-09-27,1,2.5,0
رَصِيد,raSiid,Balance (finances),2025-09-27,1,2.5,0
موز,mooz,Banana,2025-09-27,1,2.5,0
بَنْك,bank,Bank,2025-09-27,1,2.5,0
أَساسي,asaasiy,Basic,2025-09-27,1,2.5,0
حَمّام,Hammaam,Bathroom,2025-09-27,1,2.5,0
كان,kaan,To be,2025-09-27,1,2.5,0
قِدِر,qidir,To be able,2025-09-27,1,2.5,0
غار,ghaar,To be jealous,2025-09-27,1,2.5,0
لَحْيِة,lahiyeh,Beard,2025-09-27,1,2.5,0
جَميلحِلو,jamiilHilou,Beautiful,2025-09-27,1,2.5,0
عَشانلَإنّه,3ashaanla’inno,Because,2025-09-27,1,2.5,0
صار,Saar,Become,2025-09-27,1,2.5,0
تَخِت,takhit,Bed,2025-09-27,1,2.5,0
غُرْفِة النّوم,ghurfet an-noom,Bedroom,2025-09-27,1,2.5,0
قَبْل,qabl,Before,2025-09-27,1,2.5,0
تْرَجَّى,trajjaa,To beg,2025-09-27,1,2.5,0
بِداية,bidaayeh,Beginning,2025-09-27,1,2.5,0
حِزام,Hizaam,Belt,2025-09-27,1,2.5,0
خان,khaan,To betray,2025-09-27,1,2.5,0
خِيَانِة,khiyaaneh,Betrayal,2025-09-27,1,2.5,0
أَحْسَن,aHsan,Better,2025-09-27,1,2.5,0
بَيْن,bayn,Between,2025-09-27,1,2.5,0
كْبير,kbiir,Big,2025-09-27,1,2.5,0
بَسْكَلِيت,baskaleet,Bike,2025-09-27,1,2.5,0
حِسَابفَاتُورَة,Hisaabfaatuura,Bill (e.g. in a restaurant)Bill/ invoice,2025-09-27,1,2.5,0
عَصْفُور,3aSfuur,Bird,2025-09-27,1,2.5,0
أَسْوَد,aswad,Black,2025-09-27,1,2.5,0
لام,laam,To blame,2025-09-27,1,2.5,0
حْرام,Hraam,Blanket,2025-09-27,1,2.5,0
بْلُوزة,bluuzah,Blouse,2025-09-27,1,2.5,0
أزْرَق,azraq,Blue,2025-09-27,1,2.5,0
مَرْكَب,markab,Boat,2025-09-27,1,2.5,0
جِسْم,jism,Body,2025-09-27,1,2.5,0
كِتاب,kitaab,Book,2025-09-27,1,2.5,0
حَدّ,Hadd,Border,2025-09-27,1,2.5,0
زَهْقان,zahqaan,Bored,2025-09-27,1,2.5,0
مُمِلّ,mumill,Boring,2025-09-27,1,2.5,0
صَنْدوق,Sanduuq,Box,2025-09-27,1,2.5,0
وَلَد,walad,Boy,2025-09-27,1,2.5,0
اِسْتِراحَة,istiraaHa,Break,2025-09-27,1,2.5,0
فْطُور,fTuur,Breakfast,2025-09-27,1,2.5,0
عَرُوس,3aruus,Bride,2025-09-27,1,2.5,0
جِسِر,jisir,Bridge,2025-09-27,1,2.5,0
جاب,jaab,To bring,2025-09-27,1,2.5,0
أَخُو,akhu,Brother,2025-09-27,1,2.5,0
فُرشاي,furshaay,Brush,2025-09-27,1,2.5,0
بَنَى,banaa,To build,2025-09-27,1,2.5,0
بِنايِة,binaayeh,Building,2025-09-27,1,2.5,0
باص,baaS,Bus,2025-09-27,1,2.5,0
مَشْغول,mashghuul,Busy,2025-09-27,1,2.5,0
بَس,bas,But,2025-09-27,1,2.5,0
اِشْتَرَى,ishtaraa,To buy,2025-09-27,1,2.5,0
رَنّ,rann,To call (by phone),2025-09-27,1,2.5,0
سمَّى,sammaa,To call (name),2025-09-27,1,2.5,0
هِدِي,hidii,To calm down,2025-09-27,1,2.5,0
جَمَل,jamal,Camel,2025-09-27,1,2.5,0
كاميرا,kaamiiraa,Camera,2025-09-27,1,2.5,0
لَغَى,laghaa,To cancel,2025-09-27,1,2.5,0
إِلغَاء,ilghaa’,Cancellation,2025-09-27,1,2.5,0
سَيّارة,sayyaara,Car,2025-09-27,1,2.5,0
اِهْتَمّ,ihtamm,To care,2025-09-27,1,2.5,0
سِجّادة,sijjaada,Carpet,2025-09-27,1,2.5,0
حِمِل,Himil,To carry,2025-09-27,1,2.5,0
حَال,Haal,Case,2025-09-27,1,2.5,0
بِسّقِطّ,bissqiTT,Cat,2025-09-27,1,2.5,0
بَقَرة,baqara,Cow,2025-09-27,1,2.5,0
مَرْكَز,markaz,Center,2025-09-27,1,2.5,0
أَكيد,akiid,Certainly,2025-09-27,1,2.5,0
كُرْسي,kursi,Chair,2025-09-27,1,2.5,0
فُرْصة,furSa,Chance,2025-09-27,1,2.5,0
صَدَقَة,Sadaqa,Charity,2025-09-27,1,2.5,0
رْخيص,rkhiiS,Cheap,2025-09-27,1,2.5,0
شَيَّك,shayyak,To check,2025-09-27,1,2.5,0
جِبْنة,jibneh,Cheese,2025-09-27,1,2.5,0
صِدْر,Sidr,Chest,2025-09-27,1,2.5,0
دَجاج,dajaaj,Chicken,2025-09-27,1,2.5,0
طِفِل,Tifil,Child,2025-09-27,1,2.5,0
اِخْتِيار,ikhtiyaar,Choice,2025-09-27,1,2.5,0
اِخْتار,ikhtaar,To choose,2025-09-27,1,2.5,0
دائِرة,daa’ira,Circle,2025-09-27,1,2.5,0
ظَرْف,DHarf,Circumstance,2025-09-27,1,2.5,0
مدينة,medinah,City,2025-09-27,1,2.5,0
صَفّ,Saff,Class/ grade,2025-09-27,1,2.5,0
نْظيف,nDHiif,Clean,2025-09-27,1,2.5,0
نَظَّف,naDHDHaf,To clean,2025-09-27,1,2.5,0
واضِح,waaDiH,Clear,2025-09-27,1,2.5,0
ذَكِي,dhakiy,Clever,2025-09-27,1,2.5,0
قَريب,qariib,Close/ near,2025-09-27,1,2.5,0
خَزانِة,khazaaneh,Closet,2025-09-27,1,2.5,0
غَيمِة,ghaymeh,Cloud,2025-09-27,1,2.5,0
قَهْوِة,qahwa,Coffee,2025-09-27,1,2.5,0
بارِد,baarid,Cold,2025-09-27,1,2.5,0
زَمِيل,zamiil,Colleague,2025-09-27,1,2.5,0
لون,loon,Color,2025-09-27,1,2.5,0
إِجَا,ijaa,Come,2025-09-27,1,2.5,0
مُرِيح,muriiH,Comfortable,2025-09-27,1,2.5,0
تَعْلِيْق,ta3liiq,Comment,2025-09-27,1,2.5,0
سَكَّر,sakkar,To close,2025-09-27,1,2.5,0
مُجتَمَع,mujtama3,Community,2025-09-27,1,2.5,0
شِرْكِة,shirkeh,Company,2025-09-27,1,2.5,0
قارَن,qaaran,To compare,2025-09-27,1,2.5,0
مُقارَنِة,muqaaraneh,Comparison,2025-09-27,1,2.5,0
شَكَى,shakaa,To complain,2025-09-27,1,2.5,0
شَكْوَة,shakwa,Complaint,2025-09-27,1,2.5,0
كامِل,kaamil,Complete (adj.),2025-09-27,1,2.5,0
كَمَّل,kammal,To complete,2025-09-27,1,2.5,0
مُجامَلَة,mujaamala,Compliment,2025-09-27,1,2.5,0
كامبْيُوتِر,kaambyuutir,Computer,2025-09-27,1,2.5,0
اِسْتَنْتَج,istantaj,To conclude/ deduct,2025-09-27,1,2.5,0
شَرْط,sharT,Condition,2025-09-27,1,2.5,0
اِعْتَبَر,i3tabar,To consider,2025-09-27,1,2.5,0
قارَّة,qaarra,Continent,2025-09-27,1,2.5,0
صِدْفِة,Sidfeh,Coincidence,2025-09-27,1,2.5,0
ضَلّ,Dall,To continue,2025-09-27,1,2.5,0
عَقِد,3aqid,Contract,2025-09-27,1,2.5,0
سَيْطَرَة,sayTara,Control,2025-09-27,1,2.5,0
حَدِيث,Hadiith,Conversation,2025-09-27,1,2.5,0
قَنَع,qana3,To convince,2025-09-27,1,2.5,0
نِسْخَة,niskha,Copy,2025-09-27,1,2.5,0
زاوْيِة,zaawyeh,Corner,2025-09-27,1,2.5,0
صَحيح,SaHiiH,Correct,2025-09-27,1,2.5,0
تَكْليف,takliif,Cost,2025-09-27,1,2.5,0
كَلَّف,kallaf,To cost,2025-09-27,1,2.5,0
قَحّ,qaHH,To cough,2025-09-27,1,2.5,0
قَحَّة,qaHHa,Cough,2025-09-27,1,2.5,0
صوفَةكَنَباي,Soofahkanabaay,Couch,2025-09-27,1,2.5,0
عَدّ,3add,To count,2025-09-27,1,2.5,0
بَلَد,balad,Country,2025-09-27,1,2.5,0
مَحْكَمِة,maHkameh,Court,2025-09-27,1,2.5,0
غَطَا,ghaTaa,Cover,2025-09-27,1,2.5,0
مَجْنون,majnuun,Crazy,2025-09-27,1,2.5,0
بِكِي,bikii,To cry,2025-09-27,1,2.5,0
خْيار,khyaar,Cucumber,2025-09-27,1,2.5,0
كَأس,ka’s,Cup,2025-09-27,1,2.5,0
عِلاج,3ilaaj,Cure,2025-09-27,1,2.5,0
زْبُون,zbuun,Customer,2025-09-27,1,2.5,0
رَقْصَة,raqSa,Dance,2025-09-27,1,2.5,0
رَقَص,raqaS,To dance,2025-09-27,1,2.5,0
خَطَر,khaTar,Danger,2025-09-27,1,2.5,0
بِنْت,bint,Daughter,2025-09-27,1,2.5,0
يوم,yoom,Day,2025-09-27,1,2.5,0
موت,moot,Death,2025-09-27,1,2.5,0
قَرَّر,qarrar,To decide,2025-09-27,1,2.5,0
قَرار,qaraar,Decision,2025-09-27,1,2.5,0
شَهادِة,shahaadeh,Degree/ diploma,2025-09-27,1,2.5,0
طَيِّب,Tayyib,Delicious,2025-09-27,1,2.5,0
تَسْلِيم,tasliim,Delivery,2025-09-27,1,2.5,0
دُكْتور سْنان,doktoor snaan,Dentist,2025-09-27,1,2.5,0
نَكَر,nakar,To deny,2025-09-27,1,2.5,0
قِسِم,qisim,Department,2025-09-27,1,2.5,0
صَحْرَا,SaHraa,Desert,2025-09-27,1,2.5,0
اِسْتَاهَل,istaahal,To deserve,2025-09-27,1,2.5,0
تَفْصِيل,tafSiil,Detail,2025-09-27,1,2.5,0
قاموس,qaamuus,Dictionary,2025-09-27,1,2.5,0
مات,maat,To die,2025-09-27,1,2.5,0
مُختَلِفغَير,mukhtalifghayr,DifferentDifferent from,2025-09-27,1,2.5,0
صَعِب,Sa3ib,Difficult,2025-09-27,1,2.5,0
عَشَا,3ashaa,Dinner,2025-09-27,1,2.5,0
جِهَة,jiha,Direction,2025-09-27,1,2.5,0
وِسِخ,wisikh,Dirty,2025-09-27,1,2.5,0
مُصِيبِة,muSiiba,Disaster,2025-09-27,1,2.5,0
خَصِم,khaSim,Discount,2025-09-27,1,2.5,0
ناقَش,naaqash,To discuss,2025-09-27,1,2.5,0
نِقَاش,niqaash,Discussion,2025-09-27,1,2.5,0
مُقْرِف,muqrif,Disgusting,2025-09-27,1,2.5,0
قَسَم,qasam,To divide,2025-09-27,1,2.5,0
طَلاق,Talaaq,Divorce,2025-09-27,1,2.5,0
عِمِلسَوَّى,3imilsawwaa,To doTo do/ make,2025-09-27,1,2.5,0
جَلَى,jalaa,To do the dishes,2025-09-27,1,2.5,0
دُكْتَورطَبِيْبحَكِيْم,doktoorTabiibHakiim,Doctor,2025-09-27,1,2.5,0
كَلْب,kalb,Dog,2025-09-27,1,2.5,0
حْمار,Hmaar,Donkey,2025-09-27,1,2.5,0
باب,baab,Door,2025-09-27,1,2.5,0
شَكّ,shakk,Doubt,2025-09-27,1,2.5,0
شَكّ,shakk,To doubt,2025-09-27,1,2.5,0
عَجِينِة,3ajiineh,Dough,2025-09-27,1,2.5,0
رَسَم,rasam,To draw,2025-09-27,1,2.5,0
جَرَّار,jarraar,Drawer,2025-09-27,1,2.5,0
حِلِم,Hilim,Dream,2025-09-27,1,2.5,0
حِلِم,Hilim,To dream,2025-09-27,1,2.5,0
فُسْتان,fustaan,Dress,2025-09-27,1,2.5,0
شِرِب,shirib,To drink,2025-09-27,1,2.5,0
ساق,saaq,To drive,2025-09-27,1,2.5,0
خِلال,khilaal,During,2025-09-27,1,2.5,0
بَطَّة,baTTa,Duck,2025-09-27,1,2.5,0
غَبَرَة,ghabara,Dust,2025-09-27,1,2.5,0
بَكّير,bakkiir,Early,2025-09-27,1,2.5,0
أَرْض,arD,Earth,2025-09-27,1,2.5,0
شَرْق,sharq,East,2025-09-27,1,2.5,0
سَهِل,sahil,Easy,2025-09-27,1,2.5,0
أَكَل,akal,To eat,2025-09-27,1,2.5,0
فَطَر,faTar,To eat breakfast,2025-09-27,1,2.5,0
جَهِد,jahid,Effort,2025-09-27,1,2.5,0
تَمَانيِة,tamaaniyeh,Eight,2025-09-27,1,2.5,0
كَهْرَبائِي,kahrabaa’iy,Electrician,2025-09-27,1,2.5,0
فيل,fiil,Elephant,2025-09-27,1,2.5,0
أَسِنسير,asinsiir,Elevator,2025-09-27,1,2.5,0
إِحداعِش,iHdaa3ish,Eleven,2025-09-27,1,2.5,0
سَفارَة,safaara,Embassy,2025-09-27,1,2.5,0
عاطفِة,3aaTfeh,Emotion,2025-09-27,1,2.5,0
فَاضي,faaDiy,Empty,2025-09-27,1,2.5,0
نِهايِة,nihaayeh,End,2025-09-27,1,2.5,0
طاقَة,Taaqa,Energy,2025-09-27,1,2.5,0
ماكينَة,maakiina,Engine,2025-09-27,1,2.5,0
مُهَنْدِس,muhandis,Engineer,2025-09-27,1,2.5,0
كافي,kaafiy,Enough,2025-09-27,1,2.5,0
دَخَلفات,dakhalfaat,To enter,2025-09-27,1,2.5,0
مَدخَل,madkhal,Entrance,2025-09-27,1,2.5,0
خُصوصاً,khuSuusan,Especially,2025-09-27,1,2.5,0
حَتّى,Hattaa,Even,2025-09-27,1,2.5,0
مَسا,masaa,Evening,2025-09-27,1,2.5,0
كُلّ,kull,Every,2025-09-27,1,2.5,0
كُلّ,kull,Everyone,2025-09-27,1,2.5,0
كُلّ إشيّ,kull ishiy,Everything,2025-09-27,1,2.5,0
دَليل,daliil,Evidence,2025-09-27,1,2.5,0
بالضَّبْط,biDDabT/ bizzabT,Exactly,2025-09-27,1,2.5,0
مَثَل,mathal,Example,2025-09-27,1,2.5,0
حِجِّةعُذُر,Hijjeh3udhur,Excuse,2025-09-27,1,2.5,0
تَوَقَّع,tawaqqa3,To expect,2025-09-27,1,2.5,0
تَجْرُبَةخِبْرَة,tajrubakhibra,Experience,2025-09-27,1,2.5,0
عَيْن,3ain,Eye,2025-09-27,1,2.5,0
وِجْه,wijh,Face,2025-09-27,1,2.5,0
واجَه,waajah,To face,2025-09-27,1,2.5,0
أَهِلعَيْلِة,ahil3aileh,Family,2025-09-27,1,2.5,0
بْعيد,b3iid,Far,2025-09-27,1,2.5,0
بْسُرْعَةسَريع,bsur3asarii3,Fast (adv.)Fast (adj.),2025-09-27,1,2.5,0
صام,Saam,To fast,2025-09-27,1,2.5,0
ناصِح,naaSiH,Fat,2025-09-27,1,2.5,0
أب,ab,Father,2025-09-27,1,2.5,0
خوف,khoof,Fear,2025-09-27,1,2.5,0
خاف,khaaf,To fear,2025-09-27,1,2.5,0
حَرارَة,Haraara,Fever,2025-09-27,1,2.5,0
قَليل,qaliil,Few,2025-09-27,1,2.5,0
خَطيب,khaTiib,Fiancé,2025-09-27,1,2.5,0
خَطيبة,khaTiiba,Fiancée,2025-09-27,1,2.5,0
مْقاتَلِة,mqaataleh,Fight,2025-09-27,1,2.5,0
لَقَى,laqaa,To find,2025-09-27,1,2.5,0
إِصْبَع,iSba3,Finger,2025-09-27,1,2.5,0
خَلَص,khalaS,To finish,2025-09-27,1,2.5,0
نار,naar,Fire,2025-09-27,1,2.5,0
أَوَّل,awwal,First,2025-09-27,1,2.5,0
سَمَك,samak,Fish,2025-09-27,1,2.5,0
خَمْسِة,khamseh,Five,2025-09-27,1,2.5,0
صَلَّح,SallaH,To fix/ repair,2025-09-27,1,2.5,0
شَقَّة,shaqqa,Flat,2025-09-27,1,2.5,0
فَيَضان,fayaDaan,Flood,2025-09-27,1,2.5,0
طْحين,THiin,Flour,2025-09-27,1,2.5,0
زَهْرَةوَرْد,zahraward,Flower,2025-09-27,1,2.5,0
رَكَّز,rakkaz,To focus,2025-09-27,1,2.5,0
تابَع,taaba3,To follow,2025-09-27,1,2.5,0
أَكِل,akil,Food,2025-09-27,1,2.5,0
كُرِة القَدَم,kuret al-qadam,Football,2025-09-27,1,2.5,0
لَإلى,lailaa,For,2025-09-27,1,2.5,0
أَجنَبي,ajnabiy,Foreigner,2025-09-27,1,2.5,0
غابِة,ghaabeh,Forest,2025-09-27,1,2.5,0
نِسِي,nisii,To forget,2025-09-27,1,2.5,0
شُوكِة,shookeh,Fork,2025-09-27,1,2.5,0
أَرْبَعة,arba3,Four,2025-09-27,1,2.5,0
حُرّ,Horr,Free,2025-09-27,1,2.5,0
ثَلّاجِة,thallaajeh,Fridge,2025-09-27,1,2.5,0
صاحِبرْفيقصَديق,SaaHibrfiiqSadiiq,Friend,2025-09-27,1,2.5,0
مِن,min,From,2025-09-27,1,2.5,0
فَواكِه,fawaakeh,Fruits,2025-09-27,1,2.5,0
مَلْيان,malyaan,Full,2025-09-27,1,2.5,0
مُضْحِك,muDHik,Funny,2025-09-27,1,2.5,0
مُسْتَقْبَل,mustaqbal,Future,2025-09-27,1,2.5,0
لْعِبِة,l3ibeh,Game/ toy,2025-09-27,1,2.5,0
كَراج,karaaj,Garage,2025-09-27,1,2.5,0
ثوم,thoom,Garlic,2025-09-27,1,2.5,0
بَوّابِة,bawwaabeh,Gate,2025-09-27,1,2.5,0
عُموماً,3umuuman,Generally,2025-09-27,1,2.5,0
كَريم,kariim,Generous,2025-09-27,1,2.5,0
أَخَد,akhad,To get,2025-09-27,1,2.5,0
تْحَمَّس,tHammas,To get excited,2025-09-27,1,2.5,0
جاع,jaa3,To get hungry,2025-09-27,1,2.5,0
تِعِب,ti3ib,To get tired,2025-09-27,1,2.5,0
هَدِيّة,hadiyyeh,Gift,2025-09-27,1,2.5,0
بِنْت,bint,Girl,2025-09-27,1,2.5,0
أَعْطَى,a3Taa,To give,2025-09-27,1,2.5,0
قَزَاز,qazaaz,Glass,2025-09-27,1,2.5,0
راح,raaH,To go,2025-09-27,1,2.5,0
نِزِل,nizil,To go down,2025-09-27,1,2.5,0
مْنيح,mniiH,Good,2025-09-27,1,2.5,0
حُكومِة,Hukuumeh,Government,2025-09-27,1,2.5,0
عَظيم,3aDHiim,Great,2025-09-27,1,2.5,0
شَوَى,shawaa,To grill,2025-09-27,1,2.5,0
أَخْضَر,akhDar,Green,2025-09-27,1,2.5,0
عَريس,3ariis,Groom,2025-09-27,1,2.5,0
ضَيْف,Dayf,Guest,2025-09-27,1,2.5,0
ذَنْب,dhanb,Guilt,2025-09-27,1,2.5,0
خَليج,khaliij,Gulf,2025-09-27,1,2.5,0
شَبّ,shabb,Guy,2025-09-27,1,2.5,0
شَعْر,sha3r,Hair,2025-09-27,1,2.5,0
إِيد,iid,Hand,2025-09-27,1,2.5,0
مَبْسوط,mabsooT,Happy,2025-09-27,1,2.5,0
قْبَّعة,qbba3a,Hat,2025-09-27,1,2.5,0
كان عِنْدُه,kaan 3indo,To have,2025-09-27,1,2.5,0
هُو,huweh,He,2025-09-27,1,2.5,0
راس,raas,Head,2025-09-27,1,2.5,0
صُداع,Sudaa3,Headache,2025-09-27,1,2.5,0
صِحَّة,SiHHa,Health,2025-09-27,1,2.5,0
سِمِع,simi3,To hear,2025-09-27,1,2.5,0
قَلْب,qalb,Heart,2025-09-27,1,2.5,0
ثْقيل,thqiil,Heavy,2025-09-27,1,2.5,0
مُسَاعَدِة,musaa3adeh,Help,2025-09-27,1,2.5,0
سَاعَد,saa3ad,To help,2025-09-27,1,2.5,0
أعْشاب,a3shaab,Herbs,2025-09-27,1,2.5,0
هون,hoon,Here,2025-09-27,1,2.5,0
عالي,3aaliy,High,2025-09-27,1,2.5,0
تاريخ,taariikh,History,2025-09-27,1,2.5,0
هِوايِة,hiwaayeh,Hobby,2025-09-27,1,2.5,0
بَيْت,beyt,Home,2025-09-27,1,2.5,0
وَطَن,waTan,Homeland,2025-09-27,1,2.5,0
صَريح,SariiH,Honest,2025-09-27,1,2.5,0
عَسَل,3asal,Honey,2025-09-27,1,2.5,0
أَمَل,amal,Hope,2025-09-27,1,2.5,0
حْصان,HSaan,Horse,2025-09-27,1,2.5,0
مُسْتَشْفَى,mustashfaa,Hospital,2025-09-27,1,2.5,0
حَارّسَاخِن,HarrSaakhin,Hot,2025-09-27,1,2.5,0
فُنْدُق,funduq,Hotel,2025-09-27,1,2.5,0
ساعَة,saa3a,Hour,2025-09-27,1,2.5,0
كيف,keef,How,2025-09-27,1,2.5,0
مِيِّة,miyyeh,Hundred,2025-09-27,1,2.5,0
جُوعَان,joo3aan,Hungry,2025-09-27,1,2.5,0
اِعْصار,i3Saar,Hurricane,2025-09-27,1,2.5,0
زوج,zooj,Husband,2025-09-27,1,2.5,0
فِكْرَة,fikrah,Idea,2025-09-27,1,2.5,0
إذا,idhaa,If,2025-09-27,1,2.5,0
مُهِمّ,muhimm,Important,2025-09-27,1,2.5,0
مُسْتَحيل,mustaHiil,Impossible,2025-09-27,1,2.5,0
عَجَب,3ajab,To impress,2025-09-27,1,2.5,0
في,fii,In,2025-09-27,1,2.5,0
قُدَّام,qoddaam,In front of,2025-09-27,1,2.5,0
اِلْتِهاب,iltihaab,Inflammation,2025-09-27,1,2.5,0
مَعْلومِة,ma3luumeh,Information,2025-09-27,1,2.5,0
إبْرِة,ibrah,Injection,2025-09-27,1,2.5,0
إصابِة,iSaaba,Injury,2025-09-27,1,2.5,0
جُوّا,juwwaa,Inside,2025-09-27,1,2.5,0
تَأمين,ta’miin,Insurance,2025-09-27,1,2.5,0
دُوَلي,duwaliy,International,2025-09-27,1,2.5,0
اِسْتِثْمار,istithmaar,Investment,2025-09-27,1,2.5,0
عَزَم,3azam,To invite,2025-09-27,1,2.5,0
جَزيرَة,jazeera,Island,2025-09-27,1,2.5,0
جاكيت,jaakeet,Jacket,2025-09-27,1,2.5,0
غيرِة,ghiireh,Jealousy,2025-09-27,1,2.5,0
مُجَوْهَرات,mujawharaat,Jewelry,2025-09-27,1,2.5,0
شُغُل,shughul,Job,2025-09-27,1,2.5,0
نُكْتِة,nukteh,Joke,2025-09-27,1,2.5,0
مَزَح,mazaH,To joke,2025-09-27,1,2.5,0
نَطّ,naTT,To jump,2025-09-27,1,2.5,0
خَلّى,khallaa,To keep,2025-09-27,1,2.5,0
مُفْتاح,muftaaH,Key,2025-09-27,1,2.5,0
نوع,noo3,Kind/ type,2025-09-27,1,2.5,0
مَلِك,malik,King,2025-09-27,1,2.5,0
مَمْلَكِة,mamlakeh,Kingdom,2025-09-27,1,2.5,0
بوسِة,booseh,Kiss,2025-09-27,1,2.5,0
باس,baas,To kiss,2025-09-27,1,2.5,0
مَطْبَخ,maTbakh,Kitchen,2025-09-27,1,2.5,0
عِرِف,3irif,To know,2025-09-27,1,2.5,0
بُحَيْرَة,buHayra,Lake,2025-09-27,1,2.5,0
خَروف,kharuuf,Lamb,2025-09-27,1,2.5,0
آخِر,aakhir,Last,2025-09-27,1,2.5,0
مِتْأخِّر,mit’akhkhir,Late,2025-09-27,1,2.5,0
بَعْدين,ba3diin,Later,2025-09-27,1,2.5,0
ضِحِك,DiHik,To laugh,2025-09-27,1,2.5,0
قانون,qaanuun,Law,2025-09-27,1,2.5,0
مُحامي,muHaamiy,Lawyer,2025-09-27,1,2.5,0
تْمَدَّد,tmaddad,To lay,2025-09-27,1,2.5,0
كَسول,kasuul,Lazy,2025-09-27,1,2.5,0
زَعيم,za3iim,Leader,2025-09-27,1,2.5,0
تْعَلَّم,t3allam,To learn,2025-09-27,1,2.5,0
تَرَك,tarak,To leave,2025-09-27,1,2.5,0
يَسار,yasaar,Left,2025-09-27,1,2.5,0
رِجْل,rijl,Leg,2025-09-27,1,2.5,0
طول,Tuul,Length,2025-09-27,1,2.5,0
دَرْس,dars,Lesson,2025-09-27,1,2.5,0
خَلّى,khallaa,To let,2025-09-27,1,2.5,0
رِسالِة,risaaleh,Letter/ message,2025-09-27,1,2.5,0
مُسْتَوى,mustawaa,Level,2025-09-27,1,2.5,0
طَابِق,Taabiq,Level/ floor,2025-09-27,1,2.5,0
رُخْصة,rukhSa,License,2025-09-27,1,2.5,0
كِذْبِة,kidhbeh,Lie,2025-09-27,1,2.5,0
كَذَب,kadhab,To lie,2025-09-27,1,2.5,0
حَياة,Hayaa,Life,2025-09-27,1,2.5,0
خَفيف,khafiif,Light (adj.),2025-09-27,1,2.5,0
ضَوّ,Daww,Light,2025-09-27,1,2.5,0
زَيّ,zayy,Like/ as,2025-09-27,1,2.5,0
حَبّ,Habb,To like,2025-09-27,1,2.5,0
حَدّ,Hadd,Limit,2025-09-27,1,2.5,0
خَطّ,khaTT,Line,2025-09-27,1,2.5,0
أَسَد,asad,Lion,2025-09-27,1,2.5,0
شَفايِف,shafaayef,Lips,2025-09-27,1,2.5,0
قائمِة,qaa’imeh,List,2025-09-27,1,2.5,0
سِمِع,simi3,To listen,2025-09-27,1,2.5,0
قَليلشْوَيّ,qaliilshwayy,Little,2025-09-27,1,2.5,0
صْغير,Sghiir,Little,2025-09-27,1,2.5,0
عاش,3aash,To live,2025-09-27,1,2.5,0
مَحَلّي,maHalliy,Local,2025-09-27,1,2.5,0
طَويل,Tawiil,Long/ tall,2025-09-27,1,2.5,0
نَظْرَة,naTHrah,Look,2025-09-27,1,2.5,0
تْطَلَّع,tTalla3,To look,2025-09-27,1,2.5,0
دَوَّر,dawwar,To look for,2025-09-27,1,2.5,0
خِسِر,khisir,To lose,2025-09-27,1,2.5,0
حُبّ,Hubb,Love,2025-09-27,1,2.5,0
حَبّ,Habb,To love,2025-09-27,1,2.5,0
واطي,waaTiy,Low,2025-09-27,1,2.5,0
عِمِل,3imil,Make,2025-09-27,1,2.5,0
سَوَّى,sawwaa,Make/ do,2025-09-27,1,2.5,0
غِلِط,ghiliT,To make a mistake,2025-09-27,1,2.5,0
مول,mool,Mall,2025-09-27,1,2.5,0
رَجُلزَلَمِة,rajulzalameh,Man,2025-09-27,1,2.5,0
مُدير,mudiir,Manager,2025-09-27,1,2.5,0
كْتير,ktiir,Many,2025-09-27,1,2.5,0
خَريطة,khariiTa,Map,2025-09-27,1,2.5,0
سوق,suuq,Market,2025-09-27,1,2.5,0
زَواج,zawaaj,Marriage,2025-09-27,1,2.5,0
مِتْزَوّج,mitzawwej,Married,2025-09-27,1,2.5,0
كَمّامِة,kammaameh,Mask,2025-09-27,1,2.5,0
يِمْكِن,yimkin,Maybe,2025-09-27,1,2.5,0
أنا,ana,Me,2025-09-27,1,2.5,0
لَئيم,la’iim,Mean,2025-09-27,1,2.5,0
قَصَد,qaSad,To mean,2025-09-27,1,2.5,0
قاس,qaas,To measure,2025-09-27,1,2.5,0
لَحْمِة,lahmeh,Meat,2025-09-27,1,2.5,0
دَوا,dawaa,Medicine,2025-09-27,1,2.5,0
الْتَقى,iltaqaa,To meet,2025-09-27,1,2.5,0
صُداع,Sudaa3,Migraine,2025-09-27,1,2.5,0
حَليب,Haliib,Milk,2025-09-27,1,2.5,0
مِلْيون,milyoon,Million,2025-09-27,1,2.5,0
عَقْل,3aql,Mind,2025-09-27,1,2.5,0
نَعْنَع,na3na3,Mint,2025-09-27,1,2.5,0
مْراي,mraay,Mirror,2025-09-27,1,2.5,0
اشْتاق,ishtaaq,To miss,2025-09-27,1,2.5,0
غَلَطَة,ghalTa,Mistake,2025-09-27,1,2.5,0
خَلَط,khalaT,To mix,2025-09-27,1,2.5,0
لَحْظَة,laHDha,Moment,2025-09-27,1,2.5,0
مَصاري,maSaari,Money,2025-09-27,1,2.5,0
شَهْر,shahr,Month,2025-09-27,1,2.5,0
قَمَر,qamar,Moon,2025-09-27,1,2.5,0
أكْتَر,aktar,More,2025-09-27,1,2.5,0
صُبِح,SubiH,Morning,2025-09-27,1,2.5,0
مَسْجِد,masjid,Mosque,2025-09-27,1,2.5,0
أُمّ,umm,Mother,2025-09-27,1,2.5,0
جَبَل,jabal,Mountain,2025-09-27,1,2.5,0
فار,faar,Mouse,2025-09-27,1,2.5,0
تِمّ,timm,Mouth,2025-09-27,1,2.5,0
حَرَكِة,Harakeh,Move,2025-09-27,1,2.5,0
تْحَرَّك,tHarrak,To move,2025-09-27,1,2.5,0
فِلِم,filim,Movie,2025-09-27,1,2.5,0
مَتْحَف,matHaf,Museum,2025-09-27,1,2.5,0
فِطْر,fiTr,Mushrooms,2025-09-27,1,2.5,0
موسيقى,muusiiqaa,Music,2025-09-27,1,2.5,0
اِسْم,ism,Name,2025-09-27,1,2.5,0
سَمّى,sammaa,To name/ call,2025-09-27,1,2.5,0
جِنْسيّة,jinsiyyeh,Nationality,2025-09-27,1,2.5,0
طَبيعة,Tabii3a,Nature,2025-09-27,1,2.5,0
جَنْب,janb,Near,2025-09-27,1,2.5,0
رَقَبِة,raqabeh,Neck,2025-09-27,1,2.5,0
حاجَة,Haaja,Need,2025-09-27,1,2.5,0
احْتاج,iHtaaj,To need,2025-09-27,1,2.5,0
مُفاوَضَة,mufaawaDa,Negotiation,2025-09-27,1,2.5,0
جَار,jaar,Neighbor,2025-09-27,1,2.5,0
أبَداً,abadan,Never,2025-09-27,1,2.5,0
جْديد,jdiid,New,2025-09-27,1,2.5,0
أخْبار,akhbaar,News,2025-09-27,1,2.5,0
جَريدَة,jariida,Newspaper,2025-09-27,1,2.5,0
لَقَب,laqab,Nickname,2025-09-27,1,2.5,0
لَطيف,laTiif,Nice,2025-09-27,1,2.5,0
ليل,leil,Night,2025-09-27,1,2.5,0
تِسْعَة,tis3a,Nine,2025-09-27,1,2.5,0
لا,laa,No,2025-09-27,1,2.5,0
إزْعاج,iz3aaj,Noise,2025-09-27,1,2.5,0
شْمال,shmaal,North,2025-09-27,1,2.5,0
مُنْخار,munkhaar,Nose,2025-09-27,1,2.5,0
دَفْتَر,daftar,Notebook,2025-09-27,1,2.5,0
ولا إشي,walaa ishiy,Nothing,2025-09-27,1,2.5,0
لاحَظ,laaHaDH,To notice,2025-09-27,1,2.5,0
هَلَّأهَسّا,halla’hassaa,Now,2025-09-27,1,2.5,0
رَقَم,raqam,Number,2025-09-27,1,2.5,0
مُحيط,muHiiT,Ocean,2025-09-27,1,2.5,0
طَبْعاً,Tab3an,Of course,2025-09-27,1,2.5,0
عَرْض,3arD,Offer,2025-09-27,1,2.5,0
عَرَض,3araD,To offer,2025-09-27,1,2.5,0
مَكْتَب,maktab,Office,2025-09-27,1,2.5,0
رَسْمي,rasmiy,Official,2025-09-27,1,2.5,0
غالِباً,ghaaliban,Often,2025-09-27,1,2.5,0
زَيْت,zait,Oil,2025-09-27,1,2.5,0
تمام,tamaam,Okay,2025-09-27,1,2.5,0
كْبير,kbiir,Old (people),2025-09-27,1,2.5,0
قَديم,qadiim,Old (things),2025-09-27,1,2.5,0
زَيْتون,zaytoon,Olives,2025-09-27,1,2.5,0
عَلى,3alaa,On,2025-09-27,1,2.5,0
مَرَّة,marra,Once,2025-09-27,1,2.5,0
واحَد,waaHad,One,2025-09-27,1,2.5,0
بَصَل,baSal,Onion,2025-09-27,1,2.5,0
بَسّ,bass,Only,2025-09-27,1,2.5,0
فَتَح,fataH,To open,2025-09-27,1,2.5,0
رَأي,ra’y,Opinion,2025-09-27,1,2.5,0
عَكْس,3aks,Opposite,2025-09-27,1,2.5,0
أو,aw,Or,2025-09-27,1,2.5,0
بُرْتُقال,burtuqaal,Orange,2025-09-27,1,2.5,0
مُنَظَّمَة,mnaDHDHama,Organization,2025-09-27,1,2.5,0
بَرّا,barraa,Out,2025-09-27,1,2.5,0
حَال,Haal,Own,2025-09-27,1,2.5,0
وَجَع,waja3,Pain,2025-09-27,1,2.5,0
نَخْلِة,nakhleh,Palm,2025-09-27,1,2.5,0
وَرَقة,waraqa,Paper,2025-09-27,1,2.5,0
حَديقة,Hadiiqa,Park/ garden,2025-09-27,1,2.5,0
صاف,Saaf,To park,2025-09-27,1,2.5,0
صَفّ,Saff,Parking,2025-09-27,1,2.5,0
جُزُء,juzu’,Part,2025-09-27,1,2.5,0
شْريك,shriik,Partner,2025-09-27,1,2.5,0
حَفْلِة,Hafleh,Party,2025-09-27,1,2.5,0
ماضي,maaDiy,Past,2025-09-27,1,2.5,0
دَفَع,dafa3,To pay,2025-09-27,1,2.5,0
دُفْعَة,duf3a,Payment,2025-09-27,1,2.5,0
قَلَم,qalam,Pen,2025-09-27,1,2.5,0
قِرْش,qirsh,Penny,2025-09-27,1,2.5,0
ناس,naas,People,2025-09-27,1,2.5,0
نِسْبِة,nisbeh,Percentage,2025-09-27,1,2.5,0
عُطُر,3uTur,Perfume,2025-09-27,1,2.5,0
تَصْريح,taSriiH,Permit,2025-09-27,1,2.5,0
شَخْص,shakhS,Person,2025-09-27,1,2.5,0
تِليفون,tiliifoon,Phone,2025-09-27,1,2.5,0
صورَة,Suura,Photo,2025-09-27,1,2.5,0
قِطْعة,qiT3a,Piece,2025-09-27,1,2.5,0
حَمامِة,Hamaameh,Pigeon,2025-09-27,1,2.5,0
حَبّة,Habbeh,Pill,2025-09-27,1,2.5,0
مْخَدّة,mkhaddeh,Pillow,2025-09-27,1,2.5,0
زَهْري,zahriy,Pink,2025-09-27,1,2.5,0
مَكان,makaan,Place,2025-09-27,1,2.5,0
خُطَّة,khuTTa,Plan,2025-09-27,1,2.5,0
طَيّارَة,Tayyaara,Plane,2025-09-27,1,2.5,0
كَوْكَب,kawkab,Planet,2025-09-27,1,2.5,0
بْلاستر,blaastir,Plaster,2025-09-27,1,2.5,0
كيس,kiis,Plastic bag,2025-09-27,1,2.5,0
صَحِن,SaHin,Plate,2025-09-27,1,2.5,0
لِعِب,li3ib,To play,2025-09-27,1,2.5,0
مَلْعَب,mal3ab,Playground,2025-09-27,1,2.5,0
لَوْ سَمَحْت,law samaHt,Please,2025-09-27,1,2.5,0
جَمِع,jami3,Plural,2025-09-27,1,2.5,0
شُرْطَة,shurTa,Police,2025-09-27,1,2.5,0
شُرْطي,shurTiy,Policeman,2025-09-27,1,2.5,0
مُؤَدَّب,mu’addab,Polite,2025-09-27,1,2.5,0
سِياسي,siyaasiy,Politician,2025-09-27,1,2.5,0
سِياسَة,siyaasa,Politics,2025-09-27,1,2.5,0
فَقير,faqiir,Poor,2025-09-27,1,2.5,0
مَشْهور,mashuur,Popular,2025-09-27,1,2.5,0
أَجَّل,ajjal,To postpone,2025-09-27,1,2.5,0
بَطاطا,baTaaTaa,Potato,2025-09-27,1,2.5,0
تَدْريب,tadriib,Practice,2025-09-27,1,2.5,0
تْدَرَّب,tdarrab,To practice,2025-09-27,1,2.5,0
صَلاة,Salaa,Prayer,2025-09-27,1,2.5,0
حامِل,Haamil,Pregnant,2025-09-27,1,2.5,0
جَهَّز,jahhaz,To prepare,2025-09-27,1,2.5,0
قَدَّم,qaddam,To present,2025-09-27,1,2.5,0
رَئيس,ra’iis,President,2025-09-27,1,2.5,0
كَبَس,kabas,To press,2025-09-27,1,2.5,0
سِعْر,si3r,Price,2025-09-27,1,2.5,0
أَمير,amiir,Prince,2025-09-27,1,2.5,0
أَميرَة,amiira,Princess,2025-09-27,1,2.5,0
جائزَة,jaa’iza,Prize,2025-09-27,1,2.5,0
على الأغْلَب,3alal-aghlab,Probably,2025-09-27,1,2.5,0
مُشْكِلِة,mushkileh,Problem,2025-09-27,1,2.5,0
إنْتاج,intaaj,Production,2025-09-27,1,2.5,0
بَرْنامِج,barnaamij,Program,2025-09-27,1,2.5,0
مَشْروع,mashruu3,Project,2025-09-27,1,2.5,0
وَعِد,wa3id,Promise,2025-09-27,1,2.5,0
وَعَد,wa3ad,To promise,2025-09-27,1,2.5,0
فَخور,fakhuur,Proud,2025-09-27,1,2.5,0
هَدَف,hadaf,Purpose/ goal,2025-09-27,1,2.5,0
شَنْطَة,shanTa,Purse,2025-09-27,1,2.5,0
حَطّ,HaTT,To put,2025-09-27,1,2.5,0
مَلِكَة,malika,Queen,2025-09-27,1,2.5,0
سُؤال,su’aal,Question,2025-09-27,1,2.5,0
مَطَر,maTar,Rain,2025-09-27,1,2.5,0
قَوْس قُزَح,qaws qazaH,Rainbow,2025-09-27,1,2.5,0
نادِراً,naadiran,Rarely,2025-09-27,1,2.5,0
رَدَّة فِعْل,Raddat fi3l,Reaction,2025-09-27,1,2.5,0
قَرَأ,qara’,To Read,2025-09-27,1,2.5,0
جاهِز,jaahiz,Ready,2025-09-27,1,2.5,0
حَقيقي,Haqiiqiy,Real,2025-09-27,1,2.5,0
عَنْجَدّ,3anjadd,Really,2025-09-27,1,2.5,0
سَبَب,sabab,Reason,2025-09-27,1,2.5,0
اِستِقْبال,istiqbaal,Reception,2025-09-27,1,2.5,0
شِفاء,shifaa’,Recovery,2025-09-27,1,2.5,0
أَحْمَر,aHmar,Red,2025-09-27,1,2.5,0
رَفَض,rafaD,To refuse,2025-09-27,1,2.5,0
مَنْطِقَة,manTiqa,Region,2025-09-27,1,2.5,0
نِدِم,nidim,To regret,2025-09-27,1,2.5,0
عَلاقَة,3alaaqa,Relationship,2025-09-27,1,2.5,0
قَريب,qariib,Relative,2025-09-27,1,2.5,0
دين,diin,Religion,2025-09-27,1,2.5,0
ضَلّ,Dall,To remain/ stay,2025-09-27,1,2.5,0
تْذَكَّر,tdhakkar,To remember,2025-09-27,1,2.5,0
شال,shaal,To remove sth away,2025-09-27,1,2.5,0
اسْتأجَر,ista’jar,To rent,2025-09-27,1,2.5,0
عاد,3aad,To repeat,2025-09-27,1,2.5,0
تَقْرير,taqriir,Report,2025-09-27,1,2.5,0
جُمْهُورِيّة,jumhuriyyeh,Republic,2025-09-27,1,2.5,0
حَجَز,Hajaz,To reserve,2025-09-27,1,2.5,0
رِجِع,riji3,To return,2025-09-27,1,2.5,0
رُزّ,rozz,Rice,2025-09-27,1,2.5,0
غَني,ghanaa,Rich,2025-09-27,1,2.5,0
رِكِب,rikib,To ride,2025-09-27,1,2.5,0
يَمين,yamiin,Right (direction),2025-09-27,1,2.5,0
صَحيح,SaHiiH,Right/ correct,2025-09-27,1,2.5,0
خاتِم,khaatim,Ring,2025-09-27,1,2.5,0
نَهْر,nahr,River,2025-09-27,1,2.5,0
طَريق,Tariiq,Road,2025-09-27,1,2.5,0
حَجَر,Hajar,Rock,2025-09-27,1,2.5,0
غُرْفِة,ghurfeh,Room,2025-09-27,1,2.5,0
رَكَض,rakaD,To run,2025-09-27,1,2.5,0
حَزين,Haziin,Sad,2025-09-27,1,2.5,0
سَلَطَة,salaTa,Salad,2025-09-27,1,2.5,0
راتِب,raatib,Salary,2025-09-27,1,2.5,0
مِلِح,miliH,Salt,2025-09-27,1,2.5,0
نَفْس,nafs,Same,2025-09-27,1,2.5,0
حَكَى,Hakaa,Say,2025-09-27,1,2.5,0
قال,qaal,Say/ tell,2025-09-27,1,2.5,0
خايِف,khaayef,Scared,2025-09-27,1,2.5,0
لَفْحَة,lafHa,Scarf,2025-09-27,1,2.5,0
جَدْوَل,jadwal,Schedule,2025-09-27,1,2.5,0
مَدْرَسِة,madraseh,School,2025-09-27,1,2.5,0
حَكّ,Hakk,To scratch,2025-09-27,1,2.5,0
مَفَكّ,mafakk,Screwdriver,2025-09-27,1,2.5,0
بَحَر,baHar,Sea,2025-09-27,1,2.5,0
فَصْل,faSl,Season,2025-09-27,1,2.5,0
ثانْيِة,thaaniyeh,Second,2025-09-27,1,2.5,0
سِرّ,sirr,Secret,2025-09-27,1,2.5,0
شاف,shaaf,To see,2025-09-27,1,2.5,0
بَيّاع,bayyaa3,Seller,2025-09-27,1,2.5,0
بَعَتوَدَّى,ba3atwaddaa,To send,2025-09-27,1,2.5,0
جُمْلِة,jumleh,Sentence,2025-09-27,1,2.5,0
خِدْمَة,khidmah,Service,2025-09-27,1,2.5,0
سَبْعَة,sab3a,Seven,2025-09-27,1,2.5,0
هِيّ,hiyyeh,She,2025-09-27,1,2.5,0
غَنَمِة,ghanameh,Sheep,2025-09-27,1,2.5,0
سَفينة,safiina,Ship,2025-09-27,1,2.5,0
قَميص,qamiiS,Shirt,2025-09-27,1,2.5,0
كُنْدَرَةبوت,kundaraboot,Shoes,2025-09-27,1,2.5,0
دُكّان,dukkaan,Shop,2025-09-27,1,2.5,0
تَسَوُّق,tasawwuq,Shopping,2025-09-27,1,2.5,0
قَصير,qaSiir,Short,2025-09-27,1,2.5,0
لازم,laazim,Should,2025-09-27,1,2.5,0
كِتِف,kitif,Shoulder,2025-09-27,1,2.5,0
فَرْجى,farjaa,To show,2025-09-27,1,2.5,0
مَريض,mariiD,Sick person,2025-09-27,1,2.5,0
مَرَض,maraD,Sickness,2025-09-27,1,2.5,0
جِهَة,jiha,Side,2025-09-27,1,2.5,0
مِن,min,Since,2025-09-27,1,2.5,0
غَنَّى,ghannaa,To sing,2025-09-27,1,2.5,0
مُغَنّي,mughanniy,Singer,2025-09-27,1,2.5,0
مُفْرَد,mufrad,Singular,2025-09-27,1,2.5,0
أُخْت,ukht,Sister,2025-09-27,1,2.5,0
قاعَد,qaa3ad,To sit,2025-09-27,1,2.5,0
سِتِّة,sitteh,Six,2025-09-27,1,2.5,0
قْياس,qyaas,Size,2025-09-27,1,2.5,0
سَماء,samaa’,Sky,2025-09-27,1,2.5,0
نام,naam,To sleep,2025-09-27,1,2.5,0
نَعْسان,na3saan,Sleepy,2025-09-27,1,2.5,0
صْغير,Sghiir,Small,2025-09-27,1,2.5,0
ذَكي,dhakiy,Smart,2025-09-27,1,2.5,0
ريحة,riiHa,Smell,2025-09-27,1,2.5,0
شَمّ,shamm,To smell,2025-09-27,1,2.5,0
ابْتِسامِة,ibtisaameh,Smile,2025-09-27,1,2.5,0
حَيِّة,Hayyeh,Snake,2025-09-27,1,2.5,0
ثَلْج,thalj,Snow/ ice,2025-09-27,1,2.5,0
___فَ,fa___,So,2025-09-27,1,2.5,0
جُرْبان,jurbaan,Socks,2025-09-27,1,2.5,0
جُنْدي,jundiy,Soldier,2025-09-27,1,2.5,0
حَلّ,Hall,Solution,2025-09-27,1,2.5,0
حَلّ,Hall,To solve,2025-09-27,1,2.5,0
إشي,ishiy,Something,2025-09-27,1,2.5,0
أَحْياناًمَرّات,aHyaananmarraat,Sometimes,2025-09-27,1,2.5,0
ابْن,ibn,Son,2025-09-27,1,2.5,0
أُغْنِيِّة,oghniyyeh,Song,2025-09-27,1,2.5,0
آسِف,Aasif,Sorry,2025-09-27,1,2.5,0
شُرَبَة,shoraba,Soup,2025-09-27,1,2.5,0
جَنوب,januub,South,2025-09-27,1,2.5,0
حَكَى,Hakaa,To speak,2025-09-27,1,2.5,0
صَرَف,Saraf,To spend money,2025-09-27,1,2.5,0
وَفَّر,waffar,To save money,2025-09-27,1,2.5,0
مَعْلَقَة,ma3laqa,Spoon,2025-09-27,1,2.5,0
رِياضَة,riyaaDa,Sport,2025-09-27,1,2.5,0
بَخّاخ,bakhkhaakh,Spray,2025-09-27,1,2.5,0
رَبيع,rabii3,Spring,2025-09-27,1,2.5,0
مُرَبَّع,murabba3,Square,2025-09-27,1,2.5,0
خِتِم,khitim,Stamp,2025-09-27,1,2.5,0
وِقِف,wiqif,To stand,2025-09-27,1,2.5,0
نِجْمَة,nijma,Star,2025-09-27,1,2.5,0
بَلَّش,ballash,To start,2025-09-27,1,2.5,0
وَقَّف,waqqaf,To stop,2025-09-27,1,2.5,0
مَحَطَّة,maHaTTa,Station,2025-09-27,1,2.5,0
سَرَق,saraq,To steal,2025-09-27,1,2.5,0
لِسّا,lissaa,Still,2025-09-27,1,2.5,0
مِعْدِة,mi3deh,Stomach,2025-09-27,1,2.5,0
مَغِص,maghiS,Stomach-ache,2025-09-27,1,2.5,0
عاصِفة,3aasifeh,Storm,2025-09-27,1,2.5,0
قِصَّة,qiSSa,Story,2025-09-27,1,2.5,0
شارِع,shaari3,Street,2025-09-27,1,2.5,0
طالِب,Taalib,Student,2025-09-27,1,2.5,0
دَرَس,daras,To study,2025-09-27,1,2.5,0
غَبي,ghabiy,Stupid,2025-09-27,1,2.5,0
أُسْلوب,osloob,Style,2025-09-27,1,2.5,0
نَجَح,najaH,To succeed,2025-09-27,1,2.5,0
ناجِح,naajiH,Successful,2025-09-27,1,2.5,0
فَجْأة,faj’a,Suddenly,2025-09-27,1,2.5,0
سُكَّر,sukkar,Sugar,2025-09-27,1,2.5,0
اقْتَرَح,iqtaraH,To suggest,2025-09-27,1,2.5,0
اقْتِراح,iqtiraaH,Suggestion,2025-09-27,1,2.5,0
بَدْلِة,badleh,Suit,2025-09-27,1,2.5,0
صَيْف,Sayf,Summer,2025-09-27,1,2.5,0
شَمْس,shams,Sun,2025-09-27,1,2.5,0
دَعَم,da3am,To support,2025-09-27,1,2.5,0
أكيد,akiid,Sure,2025-09-27,1,2.5,0
عَمَليّة,3amaliyyeh,Surgery,2025-09-27,1,2.5,0
مُفَاجأة,mufaaja’a,Surprise,2025-09-27,1,2.5,0
فاجأ,faaja’,To surprise,2025-09-27,1,2.5,0
ظَنّ,DHann,To suspect/ think,2025-09-27,1,2.5,0
حِلو,Hilou,Sweet (adj.),2025-09-27,1,2.5,0
حَلَوِيّات,Halawiyyaat,Sweets,2025-09-27,1,2.5,0
سِباحة,sibaaHa,Swimming,2025-09-27,1,2.5,0
مَسْبَح,masbaH,Swimming pool,2025-09-27,1,2.5,0
عَرَض,3araD,Symptom,2025-09-27,1,2.5,0
نِظام,niDHaam,System,2025-09-27,1,2.5,0
طاوْلِة,Taawleh,Table,2025-09-27,1,2.5,0
أَخَد,akhad,To take,2025-09-27,1,2.5,0
صَوَّر,Sawwar,To take a picture,2025-09-27,1,2.5,0
تْحَمَّم,tHammam,To take shower,2025-09-27,1,2.5,0
مَوْهِبَة,mawhiba,Talent,2025-09-27,1,2.5,0
حَكي,Haki,Talk (n.),2025-09-27,1,2.5,0
حَكَى,Hakaa,To talk,2025-09-27,1,2.5,0
ذاق,dhaaq,To taste,2025-09-27,1,2.5,0
ضَريبِة,Dariibeh,TAX,2025-09-27,1,2.5,0
تاكْسِي,taaksi,Taxi,2025-09-27,1,2.5,0
شاي,shaay,Tea,2025-09-27,1,2.5,0
عَلَّم,3allam,To teach,2025-09-27,1,2.5,0
مُدَرّس,mudarris,Teacher,2025-09-27,1,2.5,0
تِلْفِزْيون,tilfizyoon,Television,2025-09-27,1,2.5,0
حَكَى,Hakaa,To tell,2025-09-27,1,2.5,0
حَرارة,Haraara,Temperature,2025-09-27,1,2.5,0
مؤَقَّت,mu’aqqat,Temporary,2025-09-27,1,2.5,0
عَشَرَة,3ashara,Ten,2025-09-27,1,2.5,0
شُكُر,shukur,Thanks,2025-09-27,1,2.5,0
شَكَر,shakar,To thank,2025-09-27,1,2.5,0
إنّه,inno,That,2025-09-27,1,2.5,0
الأحْسَن,alaHsan,The best,2025-09-27,1,2.5,0
هُناك,honaak,There,2025-09-27,1,2.5,0
هُمّ,hummeh,They,2025-09-27,1,2.5,0
شَغْلِة,shaghleh,Thing,2025-09-27,1,2.5,0
فَكَّر,fakkar,To think,2025-09-27,1,2.5,0
عَطْشان,3aTshaan,Thirsty,2025-09-27,1,2.5,0
هادهاي,haadhaay,This (m)This (f),2025-09-27,1,2.5,0
أَلْف,alf,Thousand,2025-09-27,1,2.5,0
تَلاتِة,talaateh,Three,2025-09-27,1,2.5,0
زور,zoor,Throat,2025-09-27,1,2.5,0
خِلال,khilaal,Through,2025-09-27,1,2.5,0
رَمَى,ramaa,To throw,2025-09-27,1,2.5,0
رَعِد,ra3id,Thunder,2025-09-27,1,2.5,0
رَبَط,rabaT,To tie,2025-09-27,1,2.5,0
وَقْت,waqt,Time,2025-09-27,1,2.5,0
تَعْبان,ta3baan,Tired,2025-09-27,1,2.5,0
مَحْرَمِة,maHrameh,Tissue,2025-09-27,1,2.5,0
إلىلَ,ilaala___,To,2025-09-27,1,2.5,0
اليوم,al-yoom,Today,2025-09-27,1,2.5,0
مَع بَعْضسَوَا,ma3 ba3Dsawaa,Together,2025-09-27,1,2.5,0
بَنْدورَة,bandoora,Tomato,2025-09-27,1,2.5,0
لِسان,lisaan,Tongue,2025-09-27,1,2.5,0
كَمان,kamaan,Too,2025-09-27,1,2.5,0
سِنّ,sinn,Tooth,2025-09-27,1,2.5,0
سايِح,saayeH,Tourist,2025-09-27,1,2.5,0
تِجارَة,tijaara,Trade,2025-09-27,1,2.5,0
تَقْليد,taqliid,Tradition,2025-09-27,1,2.5,0
قِطار,qiTaar,Train,2025-09-27,1,2.5,0
حَوَّل,Hawwal,To transfer,2025-09-27,1,2.5,0
تَرْجَم,tarjam,To translate,2025-09-27,1,2.5,0
تَرْجَمِة,tarjameh,Translation,2025-09-27,1,2.5,0
سافَر,saafar,To travel,2025-09-27,1,2.5,0
صَنِيِّة,Saniyyeh,Tray,2025-09-27,1,2.5,0
شَجَرَة,shajara,Tree,2025-09-27,1,2.5,0
مْثَلَّث,mthallath,Triangle,2025-09-27,1,2.5,0
رَحْلِةمِشْوار,raHlehmishwaar,Trip,2025-09-27,1,2.5,0
بَنْطَلون,banTaloon,Trousers,2025-09-27,1,2.5,0
حَقيقة,haqeeqa,Truth,2025-09-27,1,2.5,0
وَقَّف,waqqaf,To turn sth off,2025-09-27,1,2.5,0
شَغَّل,shaghghal,To turn sth on,2025-09-27,1,2.5,0
مُسَلْسَل,musalsal,TV show,2025-09-27,1,2.5,0
عِشْرين,3ishreen,Twenty,2025-09-27,1,2.5,0
مَرّتَيْن,marrtayn,Twice,2025-09-27,1,2.5,0
اتْنَيْن,itnayn,Two,2025-09-27,1,2.5,0
بِشِع,bishi3,Ugly,2025-09-27,1,2.5,0
خالعَمّ,khaal3amm,Uncle (maternal)Uncle (paternal),2025-09-27,1,2.5,0
تَحْت,taHt,Under,2025-09-27,1,2.5,0
فِهِم,fihim,To understand,2025-09-27,1,2.5,0
جامِعَة,jaami3a,University,2025-09-27,1,2.5,0
لَحَتّى,laHattaa,Until,2025-09-27,1,2.5,0
عاجِل,3aajil,Urgent,2025-09-27,1,2.5,0
اسْتَعْمَل,ista3mal,To use,2025-09-27,1,2.5,0
مْسْتَعْمَل,musta3mal,Used,2025-09-27,1,2.5,0
مُفيد,mufiid,Useful,2025-09-27,1,2.5,0
عادةً,3aadatan,Usually,2025-09-27,1,2.5,0
وادي,waadiy,Valley,2025-09-27,1,2.5,0
خُضْراوات,khuDraawaat,Vegetables,2025-09-27,1,2.5,0
كْتير,ktiir,Very,2025-09-27,1,2.5,0
مَنْظَر,manDHar,View,2025-09-27,1,2.5,0
قَرْيِة,qaryeh,Village,2025-09-27,1,2.5,0
فَيْروس,fayruus,Virus,2025-09-27,1,2.5,0
زْيارَة,zyaara,Visit,2025-09-27,1,2.5,0
زار,zaar,To visit,2025-09-27,1,2.5,0
صوت,Soot,Voice,2025-09-27,1,2.5,0
اسْتَنَّى,istannaa,To wait,2025-09-27,1,2.5,0
نادِل,naadil,Waiter,2025-09-27,1,2.5,0
صِحِي,SiHi,To wake up,2025-09-27,1,2.5,0
مَشَى,mashaa,To walk,2025-09-27,1,2.5,0
حَيْط,HayT,Wall,2025-09-27,1,2.5,0
مَحْفَظَة,maHfaDHa,Wallet,2025-09-27,1,2.5,0
كان بِدُّه,kaan biddo,To want,2025-09-27,1,2.5,0
حَرْب,Harb,War,2025-09-27,1,2.5,0
غَسَل,ghasal,To wash,2025-09-27,1,2.5,0
حِضِر,HiDir,To watch,2025-09-27,1,2.5,0
ساعة,saa3a,Watch,2025-09-27,1,2.5,0
ماي,maay,Water,2025-09-27,1,2.5,0
طَريقة,Tariiqa,Way,2025-09-27,1,2.5,0
احنا,iHnaa,We,2025-09-27,1,2.5,0
ضْعيف,D3iif,Weak,2025-09-27,1,2.5,0
جَوّ,jaww,Weather,2025-09-27,1,2.5,0
مَوْقِع,mawqi3,Website,2025-09-27,1,2.5,0
عُرُس,3urus,Wedding,2025-09-27,1,2.5,0
أُسْبوع,usbuu3,Week,2025-09-27,1,2.5,0
غَريب,ghariib,Weird,2025-09-27,1,2.5,0
أهلاً,ahlan,Welcome,2025-09-27,1,2.5,0
تَمام,tamaam,Well,2025-09-27,1,2.5,0
غَرْب,gharb,West,2025-09-27,1,2.5,0
شو,shou,What,2025-09-27,1,2.5,0
مَتى,mataa,When,2025-09-27,1,2.5,0
إِلِّي,illiy,Which,2025-09-27,1,2.5,0
لَمّا,lammaa,While,2025-09-27,1,2.5,0
أبْيَض,abyaD,White,2025-09-27,1,2.5,0
مين,miin,Who,2025-09-27,1,2.5,0
زوجِة,zoojeh,Wife,2025-09-27,1,2.5,0
رح,raH,Will,2025-09-27,1,2.5,0
فاز,faaz,To win,2025-09-27,1,2.5,0
ريح,riiH,Wind,2025-09-27,1,2.5,0
شِبّاك,shibbaak,Window,2025-09-27,1,2.5,0
شِتَا,shitaa,Winter,2025-09-27,1,2.5,0
تْمَنَّى,tmannaa,To wish/ hope,2025-09-27,1,2.5,0
مَع,ma3,With,2025-09-27,1,2.5,0
بِدون,biduun,Without,2025-09-27,1,2.5,0
مَرة,mara,Woman,2025-09-27,1,2.5,0
كِلْمِة,kilmeh,Word,2025-09-27,1,2.5,0
شُغُل,shughul,Work,2025-09-27,1,2.5,0
عامِل,3aamil,Worker,2025-09-27,1,2.5,0
عالَم,3aalam,World,2025-09-27,1,2.5,0
قَلْقان,qalqaan,Worried,2025-09-27,1,2.5,0
أَسْوَأ,aswaa’,Worse,2025-09-27,1,2.5,0
كَتَب,katab,To write,2025-09-27,1,2.5,0
غَلَط,ghalaT,Wrong,2025-09-27,1,2.5,0
آه,aah,Yeah,2025-09-27,1,2.5,0
سَنِة,saneh,Year,2025-09-27,1,2.5,0
أصْفَر,aSfar,Yellow,2025-09-27,1,2.5,0
نَعْم,na3m,Yes,2025-09-27,1,2.5,0
صْغير,Sghiir,Young,2025-09-27,1,2.5,0
